models,accuracy,precision,recall,f1_score
bart-large-mnli,0.46296296296296297,0.6123812915479582,0.46296296296296297,0.5153467996257595
nli-distilroberta-base,0.3333333333333333,0.5103219960676101,0.3333333333333333,0.372466711909906
DeBERTa-v3-large-mnli-fever-anli-ling-wanli,0.3888888888888889,0.5620809353630991,0.3888888888888889,0.3948019275607365
