models,accuracy,precision,recall,f1_score
bart-large-mnli,0.4722222222222222,0.5587989171322504,0.4722222222222222,0.4810771812255699
nli-distilroberta-base,0.4537037037037037,0.5081981417865366,0.4537037037037037,0.45698796336636527
DeBERTa-v3-large-mnli-fever-anli-ling-wanli,0.4351851851851852,0.5285984250750333,0.4351851851851852,0.44897240121534837
