models,accuracy,precision,recall,f1_score
bart-large-mnli,0.4212962962962963,0.5221406849776948,0.4212962962962963,0.4130198000757081
nli-distilroberta-base,0.4074074074074074,0.49798177645399866,0.4074074074074074,0.393078387678093
DeBERTa-v3-large-mnli-fever-anli-ling-wanli,0.42592592592592593,0.479765513284665,0.42592592592592593,0.42089784750001236
