models,accuracy,precision,recall,f1_score
bart-large-mnli,0.5046296296296297,0.5753462318626428,0.5046296296296297,0.5073128909951886
nli-distilroberta-base,0.49074074074074076,0.5307793542585298,0.49074074074074076,0.4863387465084379
DeBERTa-v3-large-mnli-fever-anli-ling-wanli,0.4722222222222222,0.540819361837308,0.4722222222222222,0.4790608706101167
