models,accuracy,precision,recall,f1_score
bart-large-mnli,0.5648148148148148,0.606764447365625,0.5648148148148148,0.5622816676460993
nli-distilroberta-base,0.4444444444444444,0.4842018786343499,0.4444444444444444,0.41320547589903606
DeBERTa-v3-large-mnli-fever-anli-ling-wanli,0.4444444444444444,0.5599592661492553,0.4444444444444444,0.42349992573412115
