models,accuracy,precision,recall,f1_score
bart-large-mnli,0.5046296296296297,0.45981984458291647,0.5046296296296297,0.47075617638135026
nli-distilroberta-base,0.41203703703703703,0.3920697506055562,0.41203703703703703,0.373840694898
DeBERTa-v3-large-mnli-fever-anli-ling-wanli,0.5138888888888888,0.5073670272706784,0.5138888888888888,0.49794575633355576
