models,accuracy,precision,recall,f1_score
bart-large-mnli,0.5509259259259259,0.6055388514509306,0.5509259259259259,0.5525572668555404
nli-distilroberta-base,0.4444444444444444,0.5136239985059526,0.4444444444444444,0.42030558369788323
DeBERTa-v3-large-mnli-fever-anli-ling-wanli,0.4398148148148148,0.5603557825023847,0.4398148148148148,0.43131749231294797
