models,accuracy,precision,recall,f1_score
bart-large-mnli,0.32558139534883723,0.5185821930007977,0.32558139534883723,0.34666545443389435
nli-distilroberta-base,0.2558139534883721,0.45320942623268207,0.2558139534883721,0.2813253604684501
DeBERTa-v3-large-mnli-fever-anli-ling-wanli,0.2744186046511628,0.39874970143095995,0.2744186046511628,0.296182657253073
