models,accuracy,precision,recall,f1_score
bart-large-mnli,0.5694444444444444,0.6169085583559267,0.5694444444444444,0.5722322382676349
nli-distilroberta-base,0.4861111111111111,0.5375330687830688,0.4861111111111111,0.4799256084759979
DeBERTa-v3-large-mnli-fever-anli-ling-wanli,0.4537037037037037,0.5977882691650807,0.4537037037037037,0.4450565464664635
