models,accuracy,precision,recall,f1_score
bart-large-mnli,0.47685185185185186,0.5395803596091319,0.47685185185185186,0.4816880221583621
nli-distilroberta-base,0.46296296296296297,0.4919397366736181,0.46296296296296297,0.4540786741499389
DeBERTa-v3-large-mnli-fever-anli-ling-wanli,0.4444444444444444,0.5074020599451634,0.4444444444444444,0.45000300669735044
